id,customized_loan_no,loan_application_no,branch_id,samity_id,product_id,interest_rate_id,member_id,purpose_id,interest_calculation_method,loan_amount,interest_rate,interest_rate_index,interest_amount,interest_amount_without_roundup,discount_interest_amount,insurance_guarantor_percentage,insurance_amount,total_payable_amount,number_of_installment,installment_amount,repayment_frequency,loan_period_in_month,loan_period_in_day,mode_of_interest,cycle,loan_type,first_repayment_date,is_interest_charged_if_last_repay_date_exceeds,is_authorized,disbursed_by,disburse_date,authorized_by,authorization_date,fully_paid_amount,is_loan_fully_paid,loan_fully_paid_date,current_status,loan_closing_date,loan_closing_info_verified_by,is_migrated,opening_loan_outstanding_amount,extra_installment_amount,original_loan_id,transfer_in_date,transfer_out_date,payment_type,bank_head_id,cheque_no,note,additinal_fee,loan_proposal_form_id,parent_loan_id,loan_form_fee,folio_number,member_age,last_schedule_date,disburse_phase,loan_commencement_date,law_suit,cut_off_date,audit_fee,insert_time,update_time,loan_initiator_id,loan_approver_employee_id,loan_insurance_type,sales_invoice_no,ussd_code
1,APON-030-001-0002-03,1,34,222-001,ME-M-12,3,001-001-007,Agricultural tools,D,15000,24,0,1890,0,0,,150,16890,12,375,M,12,30,H,3,R,12/12/2020,,1,1,11/22/2020,1,11/22/2020,16890,1,9/11/2021,0,9/11/2021,,1,7125,7.37,1,,,CASH,,,,0,,,5,,48,12/4/2021,,,0,,0,8/1/2021 12:06,9/15/2021 14:13,,0,0,,
4,APON-030-001-0010-02,1,34,222-004,ME-NBL,3,1010,Cow fattening,D,40000,24,0,5040,0,0,,400,45040,46,1000,W,12,30,H,2,R,3/20/2021,,1,1,3/6/2021,1,3/6/2021,45040,1,4/2/2022,0,4/2/2022,,1,30760,19.66,4,,,CASH,,,,0,,,5,,38,3/12/2022,,,0,,0,8/1/2021 12:06,4/2/2022 19:44,,0,0,,
5,APON-030-001-0015-15,1,34,222-001,SHED,3,1022,Dairy firm,D,30000,24,0,3780,0,0,,300,33780,46,750,W,12,30,H,15,R,10/17/2020,,1,1,9/30/2020,1,9/30/2020,33780,1,10/30/2021,0,10/30/2021,,1,9390,14.75,5,,,CASH,,,,0,,,5,,41,10/9/2021,,,0,,0,8/1/2021 12:06,10/30/2021 18:45,,0,0,,
6,APON-030-001-0016-03,1,34,222-002,RMC-M,3,1025,Fish farming,D,20000,24,0,2520,0,0,,200,22520,46,500,W,12,30,H,3,R,12/12/2020,,1,1,11/22/2020,1,11/22/2020,22520,1,11/6/2021,0,11/6/2021,,1,9500,9.83,6,,,CASH,,,,0,,,5,,54,12/4/2021,,,0,,0,8/1/2021 12:06,11/13/2021 14:45,,0,0,,
7,APON-030-001-0020-10,1,34,222-003,ME-M-12,3,1029,Guava garden,D,60000,24,0,7560,0,0,,600,67560,46,1500,W,12,30,H,10,R,1/9/2021,,1,1,12/21/2020,1,12/21/2020,67560,1,10/30/2021,0,10/30/2021,,1,33540,29.49,7,,,CASH,,,,0,,,5,,39,1/1/2022,,,0,,0,8/1/2021 12:06,10/30/2021 18:45,,0,0,,
8,APON-030-001-0021-14,1,34,222-004,ME-M-24,3,1031,Jute cultivation,D,49000,24,0,6174,0,0,,490,55174,46,1225,W,12,30,H,14,R,9/5/2020,,1,1,8/22/2020,1,8/22/2020,55174,1,8/14/2021,0,8/14/2021,,1,8281,24.09,8,,,CASH,,,,0,,,5,,33,8/28/2021,,,0,,0,8/1/2021 12:06,8/30/2021 13:06,,0,0,,
9,APON-030-001-0024-11,1,34,222-001,SL,3,1034,Litchi garden,D,30000,24,0,3780,0,0,,300,33780,46,750,W,12,30,H,11,R,9/12/2020,,1,1,8/26/2020,1,8/26/2020,33780,1,8/7/2021,0,8/7/2021,,1,5520,14.75,9,,,CASH,,,,0,,,5,,41,9/4/2021,,,0,,0,8/1/2021 12:06,9/15/2021 14:13,,0,0,,
10,APON-030-002-0031-19,1,34,222-002,JAGO-W,3,1037,Mango orchard,D,40000,24,0,5040,0,0,,400,45040,46,1000,W,12,30,H,19,R,4/10/2021,,1,1,3/14/2021,1,3/14/2021,45040,1,4/9/2022,0,4/9/2022,,1,31600,19.66,10,,,CASH,,,,0,,,5,,56,4/9/2022,,,0,,0,8/1/2021 12:06,4/9/2022 18:33,,0,0,,
11,APON-030-002-0034-15,1,34,222-003,JAGO-M,3,1041,Nursary,D,49000,24,0,6174,0,0,,490,55174,46,1225,W,12,30,H,15,R,1/9/2021,,1,1,12/21/2020,1,12/21/2020,55174,1,11/13/2021,0,11/13/2021,,1,25627,24.09,11,,,CASH,,,,0,,,5,,62,1/1/2022,,,0,,0,8/1/2021 12:06,11/16/2021 16:17,,0,0,,
12,APON-030-002-0035-11,1,34,222-004,RMC-W,3,1046,Others agriculture,D,49000,24,0,6174,0,0,,490,55174,46,1225,W,12,30,H,11,R,9/12/2020,,1,1,8/29/2020,1,8/29/2020,55174,1,8/14/2021,0,8/14/2021,,1,9457,24.09,12,,,CASH,,,,0,,,5,,37,9/4/2021,,,0,,0,8/1/2021 12:06,8/30/2021 13:06,,0,0,,
13,APON-030-002-0040-21,1,34,222-001,ME-W,3,1051,Paddy cultivation,D,49000,24,0,6174,0,0,,490,55174,46,1225,W,12,30,H,21,R,4/17/2021,,1,1,3/31/2021,1,3/31/2021,55174,1,6/30/2022,0,6/30/2022,,1,39739,24.09,13,,,CASH,,,,0,,,5,,49,4/23/2022,,,0,,0,8/1/2021 12:06,7/15/2022 11:35,,0,0,,
14,APON-030-002-0041-06,1,34,222-002,RMC-NBL,3,1054,Plum cultivation,D,30000,24,0,3780,0,0,,300,33780,46,750,W,12,30,H,6,R,3/13/2021,,1,1,2/27/2021,1,2/27/2021,33780,1,2/19/2022,0,2/19/2022,,1,22440,14.75,14,,,CASH,,,,0,,,5,,35,3/5/2022,,,0,,0,8/1/2021 12:06,2/20/2022 9:43,,0,0,,
15,APON-030-002-0042-16,1,34,222-003,ME-NBL,3,1057,Poltry firm,D,49000,24,0,6174,0,0,,490,55174,46,1225,W,12,30,H,16,R,9/26/2020,,1,1,9/12/2020,1,9/12/2020,55174,1,9/25/2021,0,9/25/2021,,1,11809,24.09,15,,,CASH,,,,0,,,5,,46,9/18/2021,,,0,,0,8/1/2021 12:06,9/25/2021 16:40,,0,0,,
16,APON-030-002-0045-09,1,34,222-004,SHED,3,1060,Potato cultivation,D,60000,24,0,7560,0,0,,600,67560,46,1500,W,12,30,H,9,R,7/25/2020,,1,1,7/11/2020,1,7/11/2020,67560,1,9/18/2021,0,9/18/2021,,1,4380,29.49,16,,,CASH,,,,0,,,5,,32,7/31/2021,,,0,,0,8/1/2021 12:06,9/19/2021 10:22,,0,0,,
17,APON-030-002-0048-02,1,34,222-001,RMC-M,3,1062,Raising goats,D,40000,24,0,5040,0,0,,400,45040,46,1000,W,12,30,H,2,R,10/17/2020,,1,1,10/3/2020,1,10/3/2020,45040,1,11/6/2021,0,11/6/2021,,1,13480,19.66,17,,,CASH,,,,0,,,5,,39,10/9/2021,,,0,,0,8/1/2021 12:06,11/13/2021 14:45,,0,0,,
18,APON-030-002-0050-12,1,34,222-002,ME-M-12,3,1067,Spice Plantations,D,36000,24,0,4536,0,0,,360,40536,46,900,W,12,30,H,12,R,3/7/2015,,1,1,2/15/2015,1,2/15/2015,,0,,1,,,1,1828,17.7,18,,,CASH,,,,0,,,5,,49,1/16/2016,,,0,,0,8/1/2021 12:06,5/12/2022 10:40,,0,0,,
19,APON-030-002-0054-01,1,34,222-003,ME-M-24,3,1068,Vegetable cultivation,D,49000,24,0,6174,0,0,,490,55174,46,1225,W,12,30,H,1,R,5/29/2021,,1,1,5/11/2021,1,5/11/2021,55174,1,3/5/2022,0,3/5/2022,,1,42826,24.09,19,,,CASH,,,,0,,,5,,28,5/28/2022,,,0,,0,8/1/2021 12:06,6/12/2022 19:27,,0,0,,
20,APON-030-003-0057-03,1,34,222-004,SL,3,1071,Wheat farming,D,20000,24,0,2520,0,0,,200,22520,46,500,W,12,30,H,3,R,11/1/2020,,1,1,10/18/2020,1,10/18/2020,22520,1,11/28/2021,0,11/28/2021,,1,6260,9.83,20,,,CASH,,,,0,,,5,,43,10/17/2021,,,0,,0,8/1/2021 12:06,11/28/2021 19:40,,0,0,,
21,APON-030-003-0059-17,1,34,222-001,RMC-W,3,1099,Agricultural tools,D,40000,24,0,5040,0,0,,400,45040,46,1000,W,12,30,H,17,R,2/14/2021,,1,1,1/31/2021,1,1/31/2021,45040,1,2/20/2022,0,2/20/2022,,1,25720,19.66,21,,,CASH,,,,0,,,5,,44,2/6/2022,,,0,,0,8/1/2021 12:06,2/22/2022 13:25,,0,0,,
22,APON-030-003-0060-13,1,34,222-002,ME-W,3,1104,Banana cultivation,D,15000,24,0,1890,0,0,,150,16890,46,375,W,12,30,H,13,R,6/6/2021,,1,1,5/23/2021,1,5/23/2021,16890,1,5/29/2022,0,5/29/2022,,1,13740,7.37,22,,,CASH,,,,0,,,5,,42,6/5/2022,,,0,,0,8/1/2021 12:06,5/29/2022 20:06,,0,0,,
23,APON-030-003-0061-02,1,34,222-003,RMC-NBL,3,1106,Betel leaf cultivation,D,20000,24,0,2520,0,0,,200,22520,46,500,W,12,30,H,2,R,1/3/2021,,1,1,12/20/2020,1,12/20/2020,22520,1,1/9/2022,0,1/9/2022,,1,10340,9.83,23,,,CASH,,,,0,,,5,,49,12/19/2021,,,0,,0,8/1/2021 12:06,1/10/2022 13:10,,0,0,,
24,APON-030-003-0062-11,1,34,222-004,RMC-W,3,1109,Cow fattening,D,49000,24,0,6174,0,0,,490,55174,46,1225,W,12,30,H,11,R,5/23/2021,,1,1,5/9/2021,1,5/9/2021,55174,1,4/3/2022,0,4/3/2022,,1,42826,24.09,24,,,CASH,,,,0,,,5,,44,5/22/2022,,,0,,0,8/1/2021 12:06,4/3/2022 18:51,,0,0,,
25,APON-030-003-0066-18,1,34,222-001,ME-W,3,1112,Dairy firm,D,10000,24,0,1260,0,0,,100,11260,46,250,W,12,30,H,18,R,1/3/2021,,1,1,12/20/2020,1,12/20/2020,11260,1,1/2/2022,0,1/2/2022,,1,5140,4.92,25,,,CASH,,,,0,,,5,,61,12/19/2021,,,0,,0,8/1/2021 12:06,1/3/2022 16:52,,0,0,,
26,APON-030-003-0069-12,1,34,222-002,RMC-NBL,3,1115,Fish farming,D,20000,24,0,2520,0,0,,200,22520,46,500,W,12,30,H,12,R,7/18/2021,,1,1,6/14/2021,1,6/14/2021,22520,1,6/12/2022,0,6/12/2022,,1,19580,9.83,26,,,CASH,,,,0,,,5,,38,7/3/2022,,,0,,0,8/1/2021 12:06,6/12/2022 19:09,,0,0,,
27,APON-030-003-0071-10,1,34,222-003,ME-NBL,3,1117,Guava garden,D,30000,24,0,3780,0,0,,300,33780,46,750,W,12,30,H,10,R,4/25/2021,,1,1,4/11/2021,1,4/11/2021,33780,1,4/3/2022,0,4/3/2022,,1,23700,14.75,27,,,CASH,,,,0,,,5,,41,4/3/2022,,,0,,0,8/1/2021 12:06,4/3/2022 18:51,,0,0,,
28,APON-030-003-0075-11,1,34,222-004,SHED,3,1120,Jute cultivation,D,20000,24,0,2520,0,0,,200,22520,46,500,W,12,30,H,11,R,7/18/2021,,1,1,6/20/2021,1,6/20/2021,22520,1,7/3/2022,0,7/3/2022,,1,20000,9.83,28,,,CASH,,,,0,,,5,,33,7/3/2022,,,0,,0,8/1/2021 12:06,7/3/2022 17:16,,0,0,,
29,APON-030-003-0080-07,1,34,222-001,RMC-M,3,1124,Litchi garden,D,20000,24,0,2520,0,0,,200,22520,46,500,W,12,30,H,7,R,6/20/2021,,1,1,5/31/2021,1,5/31/2021,22520,1,6/19/2022,0,6/19/2022,,1,18740,9.83,29,,,CASH,,,,0,,,5,,41,6/19/2022,,,0,,0,8/1/2021 12:06,6/19/2022 18:21,,0,0,,
30,APON-030-004-0086-14,1,34,222-002,ME-M-36,3,1125,Mango orchard,D,20000,24,0,2520,0,0,,200,22520,46,500,W,12,30,H,14,R,7/26/2020,,1,1,7/12/2020,1,7/12/2020,22520,1,9/26/2021,0,9/26/2021,,1,500,9.83,30,,,CASH,,,,0,,,5,,61,7/18/2021,,,0,,0,8/1/2021 12:06,9/27/2021 10:38,,0,0,,
31,APON-030-004-0091-20,1,34,222-003,ME-M-48,3,1127,Nursary,D,10000,24,0,1260,0,0,,100,11260,46,250,W,12,30,H,20,R,6/6/2021,,1,1,5/23/2021,1,5/23/2021,11260,1,6/5/2022,0,6/5/2022,,1,9160,4.92,31,,,CASH,,,,0,,,5,,54,6/5/2022,,,0,,0,8/1/2021 12:06,6/5/2022 18:03,,0,0,,
32,APON-030-004-0092-16,1,34,222-004,SL,3,1448,Others agriculture,D,49000,24,0,6174,0,0,,490,55174,46,1225,W,12,30,H,16,R,1/24/2021,,1,1,1/10/2021,1,1/10/2021,55174,1,1/23/2022,0,1/23/2022,,1,28420,24.09,32,,,CASH,,,,0,,,5,,53,1/16/2022,,,0,,0,8/1/2021 12:06,1/23/2022 19:22,,0,0,,
33,APON-030-004-0096-10,1,34,222-001,JAGO-W,3,1452,Paddy cultivation,D,49000,24,0,6174,0,0,,490,55174,46,1225,W,12,30,H,10,R,8/9/2020,,1,1,7/19/2020,1,7/19/2020,55174,1,8/22/2021,0,8/22/2021,,1,2401,24.09,33,,,CASH,,,,0,,,5,,44,7/25/2021,,,0,,0,8/1/2021 12:06,9/15/2021 14:13,,0,0,,
34,APON-030-004-0097-11,1,34,222-002,JAGO-M,3,1454,Plum cultivation,D,40000,24,0,5040,0,0,,400,45040,46,1000,W,12,30,H,11,R,11/1/2020,,1,1,10/18/2020,1,10/18/2020,45040,1,8/8/2021,0,8/8/2021,,1,12640,19.66,34,,,CASH,,,,0,,,5,,57,10/17/2021,,,0,,0,8/1/2021 12:06,9/15/2021 12:00,,0,0,,
35,APON-030-004-0098-16,1,34,222-003,RMC-W,3,1458,Poltry firm,D,70000,24,0,8820,0,0,,700,78820,46,1750,W,12,30,H,16,R,1/17/2021,,1,1,1/3/2021,1,1/3/2021,78820,1,1/9/2022,0,1/9/2022,,1,43540,34.41,35,,,CASH,,,,0,,,5,,49,1/9/2022,,,0,,0,8/1/2021 12:06,1/10/2022 13:10,,0,0,,
36,APON-030-004-0100-12,1,34,222-004,RMC-W,3,1460,Potato cultivation,D,90000,24,0,11340,0,0,,900,101340,46,2250,W,12,30,H,12,R,6/6/2021,,1,1,5/23/2021,1,5/23/2021,101340,1,3/6/2022,0,3/6/2022,,1,82440,44.24,36,,,CASH,,,,0,,,5,,33,6/5/2022,,,0,,0,8/1/2021 12:06,3/7/2022 19:20,,0,0,,
37,APON-030-004-0104-08,1,34,222-001,ME-W,3,1464,Raising goats,D,25000,24,0,3150,0,0,,250,28150,46,625,W,12,30,H,8,R,6/27/2021,,1,1,6/13/2021,1,6/13/2021,28150,1,6/26/2022,0,6/26/2022,,1,24475,12.29,37,,,CASH,,,,0,,,5,,61,6/26/2022,,,0,,0,8/1/2021 12:06,6/26/2022 18:05,,0,0,,
38,APON-030-004-0106-09,1,34,222-002,RMC-NBL,3,1467,Spice Plantations,D,10000,24,0,1260,0,0,,100,11260,46,250,W,12,30,H,9,R,2/14/2021,,1,1,1/31/2021,1,1/31/2021,11260,1,2/6/2022,0,2/6/2022,,1,6430,4.92,38,,,CASH,,,,0,,,5,,43,2/6/2022,,,0,,0,8/1/2021 12:06,2/7/2022 10:50,,0,0,,
39,APON-030-004-0108-09,1,34,222-003,ME-NBL,3,1471,Vegetable cultivation,D,70000,24,0,8820,0,0,,700,78820,46,1750,W,12,30,H,9,R,2/2/2020,,1,1,1/14/2020,1,1/14/2020,,0,,1,,,1,43540,34.41,39,,,CASH,,,,0,,,5,,43,3/14/2021,,,0,,0,8/1/2021 12:06,9/15/2021 14:13,,0,0,,
40,APON-030-005-0109-17,1,34,222-004,SHED,3,1473,Wheat farming,D,40000,24,0,5040,0,0,,400,45040,46,1000,W,12,30,H,17,R,3/1/2021,,1,1,2/9/2021,1,2/9/2021,45040,1,3/7/2022,0,3/7/2022,,1,26560,19.66,40,,,CASH,,,,0,,,5,,39,2/28/2022,,,0,,0,8/1/2021 12:06,3/7/2022 21:42,,0,0,,
41,APON-030-005-0110-20,1,34,222-001,RMC-M,3,1476,Agricultural tools,D,49000,24,0,6174,0,0,,490,55174,46,1225,W,12,30,H,20,R,3/22/2021,,1,1,3/3/2021,1,3/3/2021,,0,,1,,,1,35623,24.09,41,,,CASH,,,,0,,,5,,46,3/21/2022,,,0,,0,8/1/2021 12:06,9/15/2021 14:13,,0,0,,
42,APON-030-005-0111-16,1,34,222-002,ME-M-36,3,1478,Banana cultivation,D,60000,24,0,7560,0,0,,600,67560,46,1500,W,12,30,H,16,R,3/22/2021,,1,1,3/8/2021,1,3/8/2021,67560,1,3/14/2022,0,3/14/2022,,1,43620,29.49,42,,,CASH,,,,0,,,5,,54,3/21/2022,,,0,,0,8/1/2021 12:06,3/14/2022 19:14,,0,0,,
43,APON-030-005-0112-16,1,34,222-003,ME-M-48,3,1480,Betel leaf cultivation,D,49000,24,0,6174,0,0,,490,55174,46,1225,W,12,30,H,16,R,11/2/2020,,1,1,10/19/2020,1,10/19/2020,55174,1,10/18/2021,0,10/18/2021,,1,14161,24.09,43,,,CASH,,,,0,,,5,,44,10/25/2021,,,0,,0,8/1/2021 12:06,10/18/2021 18:17,,0,0,,
44,APON-030-005-0113-09,1,34,222-004,SL,3,1485,Cow fattening,D,20000,24,0,2520,0,0,,200,22520,46,500,W,12,30,H,9,R,7/19/2021,,1,1,6/21/2021,1,6/21/2021,22520,1,6/20/2022,0,6/20/2022,,1,20000,9.83,44,,,CASH,,,,0,,,5,,49,6/20/2022,,,0,,0,8/1/2021 12:06,6/20/2022 19:17,,0,0,,
45,APON-030-005-0114-15,1,34,222-001,JAGO-W,3,1488,Dairy firm,D,49000,24,0,6174,0,0,,490,55174,46,1225,W,12,30,H,15,R,3/15/2021,,1,1,2/23/2021,1,2/23/2021,55174,1,3/28/2022,0,3/28/2022,,1,35623,24.09,45,,,CASH,,,,0,,,5,,38,3/14/2022,,,0,,0,8/1/2021 12:06,3/28/2022 20:25,,0,0,,
46,APON-030-005-0121-14,1,34,222-002,JAGO-M,3,1492,Fish farming,D,49000,24,0,6174,0,0,,490,55174,46,1225,W,12,30,H,14,R,4/19/2021,,1,1,4/5/2021,1,4/5/2021,55174,1,3/7/2022,0,3/7/2022,,1,39739,24.09,46,,,CASH,,,,0,,,5,,58,4/4/2022,,,0,,0,8/1/2021 12:06,3/7/2022 21:42,,0,0,,
47,APON-030-005-0127-09,1,34,222-003,RMC-W,3,1498,Guava garden,D,40000,24,0,5040,0,0,,400,45040,46,1000,W,12,30,H,9,R,4/12/2021,,1,1,3/29/2021,1,3/29/2021,45040,1,1/17/2022,0,1/17/2022,,1,32440,19.66,47,,,CASH,,,,0,,,5,,33,3/28/2022,,,0,,0,8/1/2021 12:06,1/17/2022 20:05,,0,0,,
48,APON-030-006-0132-18,1,34,222-004,ME-W,3,1506,Jute cultivation,D,49000,24,0,6174,0,0,,490,55174,46,1225,W,12,30,H,18,R,8/3/2020,,1,1,7/20/2020,1,7/20/2020,55174,1,7/26/2021,0,7/26/2021,,1,49,24.09,48,,,CASH,,,,0,,,5,,39,7/26/2021,,,0,,0,8/1/2021 12:06,8/18/2021 14:28,,0,0,,
49,APON-030-006-0133-16,1,34,222-001,RMC-NBL,3,1517,Litchi garden,D,49000,24,0,6174,0,0,,490,55174,46,1225,W,12,30,H,16,R,8/21/2017,,1,1,8/7/2017,1,8/7/2017,,0,,1,,,1,30187,24.09,49,,,CASH,,,,0,,,5,,46,7/2/2018,,,0,,0,8/1/2021 12:06,8/4/2021 9:59,,0,0,,
50,APON-030-006-0134-11,1,34,222-002,ME-NBL,3,1521,Mango orchard,D,65000,24,0,8190,0,0,,650,73190,46,1625,W,12,30,H,11,R,2/15/2021,,1,1,2/1/2021,1,2/1/2021,73190,1,3/21/2022,0,3/21/2022,,1,43160,31.95,50,,,CASH,,,,0,,,5,,36,2/7/2022,,,0,,0,8/1/2021 12:06,3/21/2022 19:50,,0,0,,
51,APON-030-006-0137-08,1,34,222-003,SHED,3,1524,Nursary,D,60000,24,0,7560,0,0,,600,67560,46,1500,W,12,30,H,8,R,3/1/2021,,1,1,2/15/2021,1,2/15/2021,67560,1,2/7/2022,0,2/7/2022,,1,39840,29.49,51,,,CASH,,,,0,,,5,,36,2/28/2022,,,0,,0,8/1/2021 12:06,2/7/2022 20:12,,0,0,,
52,APON-030-006-0140-15,1,34,222-004,RMC-M,3,1530,Others agriculture,D,49000,24,0,6174,0,0,,490,55174,46,1225,W,12,30,H,15,R,2/15/2016,,1,1,2/1/2016,1,2/1/2016,,0,,1,,,1,10606,24.09,52,,,CASH,,,,0,,,5,,55,12/26/2016,,,0,,0,8/1/2021 12:06,8/4/2021 9:59,,0,0,,
53,APON-030-006-0143-11,1,34,222-001,ME-M-36,3,1541,Paddy cultivation,D,70000,24,0,8820,0,0,,700,78820,46,1750,W,12,30,H,11,R,5/17/2021,,1,1,5/3/2021,1,5/3/2021,78820,1,6/13/2022,0,6/13/2022,,1,62650,34.41,53,,,CASH,,,,0,,,5,,40,4/25/2022,,,0,,0,8/1/2021 12:06,6/13/2022 19:50,,0,0,,
54,APON-030-006-0144-10,1,34,222-002,ME-M-48,3,1548,Plum cultivation,D,50000,24,0,6300,0,0,,500,56300,46,1250,W,12,30,H,10,R,4/26/2021,,1,1,4/12/2021,1,4/12/2021,56300,1,4/18/2022,0,4/18/2022,,1,41600,24.58,54,,,CASH,,,,0,,,5,,30,4/11/2022,,,0,,0,8/1/2021 12:06,4/18/2022 17:40,,0,0,,
55,APON-030-007-0151-13,1,34,222-003,SL,3,1551,Poltry firm,D,20000,24,0,2520,0,0,,200,22520,46,500,W,12,30,H,13,R,1/12/2021,,1,1,12/29/2020,1,12/29/2020,22520,1,12/21/2021,0,12/21/2021,,1,10340,9.83,55,,,CASH,,,,0,,,5,,43,12/14/2021,,,0,,0,8/1/2021 12:06,12/22/2021 12:50,,0,0,,
56,APON-030-007-0156-06,1,34,222-004,RMC-W,3,1555,Potato cultivation,D,35000,24,0,4410,0,0,,350,39410,46,875,W,12,30,H,6,R,3/30/2021,,1,1,3/16/2021,1,3/16/2021,39410,1,3/29/2022,0,3/29/2022,,1,26180,17.2,56,,,CASH,,,,0,,,5,,44,3/1/2022,,,0,,0,8/1/2021 12:06,3/29/2022 20:25,,0,0,,
57,APON-030-007-0157-11,1,34,222-001,ME-W,3,1560,Raising goats,D,30000,24,0,3780,0,0,,300,33780,46,750,W,12,30,H,11,R,1/26/2021,,1,1,1/12/2021,1,1/12/2021,33780,1,10/26/2021,0,10/26/2021,,1,16770,14.75,57,,,CASH,,,,0,,,5,,46,12/28/2021,,,0,,0,8/1/2021 12:06,10/26/2021 19:25,,0,0,,
58,APON-030-007-0158-14,1,34,222-002,RMC-NBL,3,1568,Spice Plantations,D,49000,24,0,6174,0,0,,490,55174,46,1225,W,12,30,H,14,R,6/29/2021,,1,1,6/10/2021,1,6/10/2021,55174,1,1/11/2022,0,1/11/2022,,1,46942,24.09,58,,,CASH,,,,0,,,5,,44,6/7/2022,,,0,,0,8/1/2021 12:06,4/13/2022 14:06,,0,0,,
59,APON-030-007-0161-14,1,34,222-003,RMC-W,3,1571,Vegetable cultivation,D,60000,24,0,7560,0,0,,600,67560,46,1500,W,12,30,H,14,R,12/1/2020,,1,1,11/17/2020,1,11/17/2020,67560,1,10/19/2021,0,10/19/2021,,1,23100,29.49,59,,,CASH,,,,0,,,5,,51,11/2/2021,,,0,,0,8/1/2021 12:06,10/23/2021 10:16,,0,0,,
60,APON-030-007-0167-12,1,34,222-004,ME-W,3,1577,Wheat farming,D,45000,24,0,5670,0,0,,450,50670,46,1125,W,12,30,H,12,R,10/13/2020,,1,1,9/29/2020,1,9/29/2020,50670,1,8/17/2021,0,8/17/2021,,1,9765,22.12,60,,,CASH,,,,0,,,5,,33,9/14/2021,,,0,,0,8/1/2021 12:06,8/30/2021 16:54,,0,0,,
61,APON-030-007-0168-09,1,34,222-001,RMC-NBL,3,1581,Agricultural tools,D,70000,24,0,8820,0,0,,700,78820,46,1750,W,12,30,H,9,R,8/10/2021,,1,1,6/22/2021,1,6/22/2021,78820,1,5/17/2022,0,5/17/2022,,1,70000,34.41,61,,,CASH,,,,0,,,5,,49,6/28/2022,,,0,,0,8/1/2021 12:06,5/17/2022 20:22,,0,0,,
62,APON-030-007-0169-07,1,34,222-002,ME-NBL,3,1584,Banana cultivation,D,10000,24,0,1260,0,0,,100,11260,46,250,W,12,30,H,7,R,3/9/2021,,1,1,2/17/2021,1,2/17/2021,11260,1,2/8/2022,0,2/8/2022,,1,6550,4.92,62,,,CASH,,,,0,,,5,,36,2/8/2022,,,0,,0,8/1/2021 12:06,2/8/2022 20:10,,0,0,,
63,APON-030-007-0170-17,1,34,222-003,SHED,3,1590,Betel leaf cultivation,D,40000,24,0,5040,0,0,,400,45040,46,1000,W,12,30,H,17,R,12/8/2020,,1,1,11/24/2020,1,11/24/2020,45040,1,10/5/2021,0,10/5/2021,,1,16480,19.66,63,,,CASH,,,,0,,,5,,40,11/9/2021,,,0,,0,8/1/2021 12:06,10/21/2021 14:29,,0,0,,
64,APON-030-007-0171-12,1,34,222-004,RMC-M,3,1596,Cow fattening,D,40000,24,0,5040,0,0,,400,45040,46,1000,W,12,30,H,12,R,10/20/2020,,1,1,10/6/2020,1,10/6/2020,45040,1,9/7/2021,0,9/7/2021,,1,9640,19.66,64,,,CASH,,,,0,,,5,,54,9/21/2021,,,0,,0,8/1/2021 12:06,9/8/2021 18:57,,0,0,,
65,APON-030-007-0173-11,1,34,222-001,ME-M-60,3,1600,Dairy firm,D,49000,24,0,6174,0,0,,490,55174,46,1225,W,12,30,H,11,R,8/10/2021,,1,1,6/22/2021,1,6/22/2021,55174,1,6/7/2022,0,6/7/2022,,1,49000,24.09,65,,,CASH,,,,0,,,5,,55,6/28/2022,,,0,,0,8/1/2021 12:06,6/29/2022 12:42,,0,0,,
66,APON-030-007-0176-08,1,34,222-002,ME-M-72,3,1602,Fish farming,D,70000,24,0,8820,0,0,,700,78820,46,1750,W,12,30,H,8,R,2/23/2021,,1,1,2/9/2021,1,2/9/2021,78820,1,2/1/2022,0,2/1/2022,,1,44380,34.41,66,,,CASH,,,,0,,,5,,36,1/25/2022,,,0,,0,8/1/2021 12:06,2/2/2022 10:14,,0,0,,
67,APON-030-009-0192-05,1,34,222-003,SL,3,1605,Guava garden,D,10000,24,0,1260,0,0,,100,11260,46,250,W,12,30,H,5,R,11/24/2020,,1,1,11/10/2020,1,11/10/2020,11260,1,9/7/2021,0,9/7/2021,,1,3610,4.92,67,,,CASH,,,,0,,,5,,51,10/26/2021,,,0,,0,8/1/2021 12:06,11/10/2021 22:23,,0,0,,
68,APON-030-009-0193-19,1,34,222-004,JAGO-W,3,1608,Jute cultivation,D,20000,24,0,2520,0,0,,200,22520,46,500,W,12,30,H,19,R,4/27/2021,,1,1,4/8/2021,1,4/8/2021,22520,1,1/11/2022,0,1/11/2022,,1,15800,9.83,68,,,CASH,,,,0,,,5,,37,3/29/2022,,,0,,0,8/1/2021 12:06,1/12/2022 18:51,,0,0,,
69,APON-030-009-0196-01,1,34,222-001,JAGO-M,3,1610,Litchi garden,D,10000,24,0,1260,0,0,,100,11260,46,250,W,12,30,H,1,R,9/8/2020,,1,1,8/20/2020,1,8/20/2020,11260,1,8/24/2021,0,8/24/2021,,1,730,4.92,69,,,CASH,,,,0,,,5,,50,8/10/2021,,,0,,0,8/1/2021 12:06,9/15/2021 14:13,,0,0,,
70,APON-030-009-0198-06,1,34,222-002,RMC-W,3,1613,Mango orchard,D,30000,24,0,3780,0,0,,300,33780,46,750,W,12,30,H,6,R,11/24/2020,,1,1,11/10/2020,1,11/10/2020,33780,1,11/2/2021,0,11/2/2021,,1,10830,14.75,70,,,CASH,,,,0,,,5,,45,10/26/2021,,,0,,0,8/1/2021 12:06,11/3/2021 11:45,,0,0,,
71,APON-030-009-0199-05,1,34,222-003,RMC-W,3,1614,Nursary,D,10000,24,0,1260,0,0,,100,11260,46,250,W,12,30,H,5,R,4/6/2021,,1,1,3/23/2021,1,3/23/2021,11260,1,3/8/2022,0,3/8/2022,,1,7480,4.92,71,,,CASH,,,,0,,,5,,40,3/8/2022,,,0,,0,8/1/2021 12:06,3/8/2022 19:29,,0,0,,
72,APON-030-009-0203-16,1,34,222-004,ME-W,3,1615,Others agriculture,D,50000,24,0,6300,0,0,,500,56300,46,1250,W,12,30,H,16,R,6/22/2021,,1,1,6/8/2021,1,6/8/2021,56300,1,5/31/2022,0,5/31/2022,,1,47900,24.58,72,,,CASH,,,,0,,,5,,42,5/31/2022,,,0,,0,8/1/2021 12:06,5/31/2022 20:22,,0,0,,
73,APON-030-009-0205-02,1,34,222-001,RMC-NBL,3,1616,Paddy cultivation,D,25000,24,0,3150,0,0,,250,28150,46,625,W,12,30,H,2,R,4/27/2021,,1,1,4/8/2021,1,4/8/2021,28150,1,1/25/2022,0,1/25/2022,,1,19750,12.29,73,,,CASH,,,,0,,,5,,36,3/29/2022,,,0,,0,8/1/2021 12:06,1/26/2022 11:41,,0,0,,
74,APON-030-009-0207-08,1,34,222-002,ME-NBL,3,1620,Plum cultivation,D,70000,24,0,8820,0,0,,700,78820,46,1750,W,12,30,H,8,R,4/27/2021,,1,1,4/13/2021,1,4/13/2021,78820,1,2/15/2022,0,2/15/2022,,1,55300,34.41,74,,,CASH,,,,0,,,5,,34,3/29/2022,,,0,,0,8/1/2021 12:06,2/16/2022 10:00,,0,0,,
75,APON-030-010-0209-07,1,34,222-003,SHED,3,1627,Poltry firm,D,20000,24,0,2520,0,0,,200,22520,46,500,W,12,30,H,7,R,11/10/2020,,1,1,10/27/2020,1,10/27/2020,22520,1,4/19/2022,0,4/19/2022,,1,6260,9.83,75,,,CASH,,,,0,,,5,,39,10/12/2021,,,0,,0,8/1/2021 12:06,4/20/2022 10:31,,0,0,,
76,APON-030-010-0215-09,1,34,222-004,RMC-M,3,1631,Potato cultivation,D,20000,24,0,2520,0,0,,200,22520,46,500,W,12,30,H,9,R,7/27/2021,,1,1,6/23/2021,1,6/23/2021,22520,1,7/5/2022,0,7/5/2022,,1,20000,9.83,76,,,CASH,,,,0,,,5,,32,6/14/2022,,,0,,0,8/1/2021 12:06,7/6/2022 6:59,,0,0,,
77,APON-030-010-0223-14,1,34,222-001,ME-M-60,3,1635,Raising goats,D,50000,24,0,6300,0,0,,500,56300,46,1250,W,12,30,H,14,R,2/3/2015,,1,1,1/20/2015,1,1/20/2015,,0,,1,,,1,14678,24.58,77,,,CASH,,,,0,,,5,,62,12/15/2015,,,0,,0,8/1/2021 12:06,8/4/2021 9:59,,0,0,,
78,APON-030-011-0231-23,1,34,222-002,ME-M-72,3,1641,Spice Plantations,D,49000,24,0,6174,0,0,,490,55174,46,1225,W,12,30,H,23,R,1/6/2021,,1,1,12/23/2020,1,12/23/2020,55174,1,2/9/2022,0,2/9/2022,,1,26362,24.09,78,,,CASH,,,,0,,,5,,48,1/5/2022,,,0,,0,8/1/2021 12:06,2/12/2022 19:17,,0,0,,
79,APON-030-011-0232-01,1,34,222-003,SL,3,1647,Vegetable cultivation,D,25000,24,0,3150,0,0,,250,28150,46,625,W,12,30,H,1,R,10/28/2020,,1,1,10/14/2020,1,10/14/2020,28150,1,11/17/2021,0,11/17/2021,,1,8425,12.29,79,,,CASH,,,,0,,,5,,58,11/3/2021,,,0,,0,8/1/2021 12:06,11/18/2021 10:05,,0,0,,
80,APON-030-011-0237-15,1,34,222-004,JAGO-W,3,1651,Wheat farming,D,20000,24,0,2520,0,0,,200,22520,46,500,W,12,30,H,15,R,5/19/2021,,1,1,5/5/2021,1,5/5/2021,22520,1,3/23/2022,0,3/23/2022,,1,17480,9.83,80,,,CASH,,,,0,,,5,,40,5/11/2022,,,0,,0,8/1/2021 12:06,3/23/2022 18:35,,0,0,,
81,APON-030-011-0238-18,1,34,222-001,JAGO-M,3,1654,Agricultural tools,D,40000,24,0,5040,0,0,,400,45040,46,1000,W,12,30,H,18,R,3/24/2021,,1,1,2/25/2021,1,2/25/2021,45040,1,5/18/2022,0,5/18/2022,,1,29080,19.66,81,,,CASH,,,,0,,,5,,63,3/16/2022,,,0,,0,8/1/2021 12:06,5/19/2022 13:33,,0,0,,
82,APON-030-011-0242-16,1,34,222-002,RMC-W,3,1656,Banana cultivation,D,20000,24,0,2520,0,0,,200,22520,46,500,W,12,30,H,16,R,12/23/2020,,1,1,12/8/2020,1,12/8/2020,22520,1,10/6/2021,0,10/6/2021,,1,9920,9.83,82,,,CASH,,,,0,,,5,,41,12/22/2021,,,0,,0,8/1/2021 12:06,10/21/2021 14:29,,0,0,,
83,APON-030-011-0243-01,1,34,222-003,ME-W,3,1659,Betel leaf cultivation,D,30000,24,0,3780,0,0,,300,33780,46,750,W,12,30,H,1,R,12/23/2020,,1,1,12/9/2020,1,12/9/2020,33780,1,1/30/2022,0,1/30/2022,,1,14880,14.75,83,,,CASH,,,,0,,,5,,36,12/22/2021,,,0,,0,8/1/2021 12:06,1/31/2022 14:03,,0,0,,
84,APON-030-011-0244-07,1,34,222-004,RMC-NBL,3,1661,Cow fattening,D,20000,24,0,2520,0,0,,200,22520,46,500,W,12,30,H,7,R,3/10/2021,,1,1,2/18/2021,1,2/18/2021,22520,1,1/19/2022,0,1/19/2022,,1,13700,9.83,84,,,CASH,,,,0,,,5,,28,3/9/2022,,,0,,0,8/1/2021 12:06,1/20/2022 10:10,,0,0,,
85,APON-030-011-0246-09,1,34,222-001,ME-NBL,3,1663,Dairy firm,D,49000,24,0,6174,0,0,,490,55174,46,1225,W,12,30,H,9,R,8/19/2020,,1,1,8/5/2020,1,8/5/2020,55174,1,9/1/2021,0,9/1/2021,,1,4655,24.09,85,,,CASH,,,,0,,,5,,27,8/18/2021,,,0,,0,8/1/2021 12:06,9/4/2021 15:02,,0,0,,
86,APON-030-011-0247-10,1,34,222-002,SHED,3,1665,Fish farming,D,30000,24,0,3780,0,0,,300,33780,46,750,W,12,30,H,10,R,3/24/2021,,1,1,3/4/2021,1,3/4/2021,33780,1,2/2/2022,0,2/2/2022,,1,22440,14.75,86,,,CASH,,,,0,,,5,,40,3/16/2022,,,0,,0,8/1/2021 12:06,2/3/2022 12:17,,0,0,,
87,APON-030-012-0260-19,1,34,222-003,RMC-M,3,1667,Guava garden,D,35000,24,0,4410,0,0,,350,39410,46,875,W,12,30,H,19,R,10/7/2020,,1,1,9/23/2020,1,9/23/2020,39410,1,9/1/2021,0,9/1/2021,,1,10955,17.2,87,,,CASH,,,,0,,,5,,41,10/6/2021,,,0,,0,8/1/2021 12:06,9/4/2021 15:09,,0,0,,
88,APON-030-012-0262-08,1,34,222-004,ME-M-60,3,1671,Jute cultivation,D,30000,24,0,3780,0,0,,300,33780,46,750,W,12,30,H,8,R,3/24/2021,,1,1,3/4/2021,1,3/4/2021,33780,1,3/16/2022,0,3/16/2022,,1,22440,14.75,88,,,CASH,,,,0,,,5,,36,3/16/2022,,,0,,0,8/1/2021 12:06,3/16/2022 20:00,,0,0,,
89,APON-030-012-0264-08,1,34,222-001,ME-M-72,3,1674,Litchi garden,D,30000,24,0,3780,0,0,,300,33780,46,750,W,12,30,H,8,R,9/2/2020,,1,1,8/19/2020,1,8/19/2020,33780,1,9/8/2021,0,9/8/2021,,1,4350,14.75,89,,,CASH,,,,0,,,5,,34,9/1/2021,,,0,,0,8/1/2021 12:06,9/11/2021 13:09,,0,0,,
90,APON-030-013-0266-10,1,34,222-002,SL,3,1677,Mango orchard,D,20000,24,0,2520,0,0,,200,22520,46,500,W,12,30,H,10,R,1/20/2021,,1,1,1/6/2021,1,1/6/2021,22520,1,1/26/2022,0,1/26/2022,,1,11600,9.83,90,,,CASH,,,,0,,,5,,61,1/19/2022,,,0,,0,8/1/2021 12:06,1/26/2022 19:27,,0,0,,
91,APON-030-013-0268-08,1,34,222-003,RMC-W,3,1681,Nursary,D,10000,24,0,1260,0,0,,100,11260,46,250,W,12,30,H,8,R,8/26/2020,,1,1,8/12/2020,1,8/12/2020,11260,1,9/8/2021,0,9/8/2021,,1,1210,4.92,91,,,CASH,,,,0,,,5,,54,8/25/2021,,,0,,0,8/1/2021 12:06,9/11/2021 13:09,,0,0,,
92,APON-030-013-0270-14,1,34,222-004,ME-W,3,1684,Others agriculture,D,15000,24,0,1890,0,0,,150,16890,46,375,W,12,30,H,14,R,11/4/2020,,1,1,10/15/2020,1,10/15/2020,16890,1,11/17/2021,0,11/17/2021,,1,5009,7.37,92,,,CASH,,,,0,,,5,,56,11/10/2021,,,0,,0,8/1/2021 12:06,11/18/2021 10:05,,0,0,,
93,APON-030-013-0272-13,1,34,222-001,RMC-NBL,3,1690,Paddy cultivation,D,90000,24,0,11340,0,0,,900,101340,46,2250,W,12,30,H,13,R,2/24/2021,,1,1,2/10/2021,1,2/10/2021,101340,1,1/19/2022,0,1/19/2022,,1,65430,44.24,93,,,CASH,,,,0,,,5,,51,2/23/2022,,,0,,0,8/1/2021 12:06,1/20/2022 10:10,,0,0,,
94,APON-030-013-0275-19,1,34,222-002,RMC-W,3,1693,Plum cultivation,D,60000,24,0,7560,0,0,,600,67560,46,1500,W,12,30,H,19,R,10/14/2020,,1,1,9/24/2020,1,9/24/2020,67560,1,10/13/2021,0,10/13/2021,,1,16620,29.49,94,,,CASH,,,,0,,,5,,40,10/13/2021,,,0,,0,8/1/2021 12:06,10/14/2021 11:20,,0,0,,
95,APON-030-013-0276-18,1,34,222-003,ME-W,3,1700,Poltry firm,D,25000,24,0,3150,0,0,,250,28150,46,625,W,12,30,H,18,R,6/23/2021,,1,1,6/9/2021,1,6/9/2021,28150,1,6/8/2022,0,6/8/2022,,1,23950,12.29,95,,,CASH,,,,0,,,5,,40,6/8/2022,,,0,,0,8/1/2021 12:06,6/8/2022 19:21,,0,0,,
96,APON-030-013-0278-01,1,34,222-004,RMC-NBL,3,1703,Potato cultivation,D,10000,24,0,1260,0,0,,100,11260,46,250,W,12,30,H,1,R,4/21/2021,,1,1,4/7/2021,1,4/7/2021,11260,1,4/13/2022,0,4/13/2022,,1,8110,4.92,96,,,CASH,,,,0,,,5,,49,4/6/2022,,,0,,0,8/1/2021 12:06,4/13/2022 20:46,,0,0,,
97,APON-030-013-0280-08,1,34,222-001,ME-NBL,3,1708,Raising goats,D,20000,24,0,2520,0,0,,200,22520,46,500,W,12,30,H,8,R,1/20/2021,,1,1,1/6/2021,1,1/6/2021,22520,1,2/9/2022,0,2/9/2022,,1,11600,9.83,97,,,CASH,,,,0,,,5,,39,1/19/2022,,,0,,0,8/1/2021 12:06,2/12/2022 19:17,,0,0,,
98,APON-030-013-0282-20,1,34,222-002,SHED,3,1712,Spice Plantations,D,40000,24,0,5040,0,0,,400,45040,46,1000,W,12,30,H,20,R,1/27/2021,,1,1,1/7/2021,1,1/7/2021,45040,1,12/21/2022,0,12/21/2022,,1,27400,19.66,98,,,CASH,,,,0,,,5,,38,1/26/2022,,,0,,0,8/1/2021 12:06,12/21/2022 17:42,,0,0,,
99,APON-030-013-0285-11,1,34,222-003,RMC-M,3,1716,Vegetable cultivation,D,50000,24,0,6300,0,0,,500,56300,46,1250,W,12,30,H,11,R,3/31/2021,,1,1,3/11/2021,1,3/11/2021,56300,1,2/23/2022,0,2/23/2022,,1,38450,24.58,99,,,CASH,,,,0,,,5,,39,3/23/2022,,,0,,0,8/1/2021 12:06,2/24/2022 13:29,,0,0,,
100,APON-030-013-0286-21,1,34,222-004,ME-M-84,3,1719,Wheat farming,D,35000,24,0,4410,0,0,,350,39410,46,875,W,12,30,H,21,R,7/28/2021,,1,1,6/26/2021,1,6/26/2021,39410,1,6/29/2022,0,6/29/2022,,1,35000,17.2,100,,,CASH,,,,0,,,5,,53,6/22/2022,,,0,,0,8/1/2021 12:06,6/29/2022 20:09,,0,0,,
101,APON-030-013-0292-09,1,34,222-001,ME-M-96,3,1723,Agricultural tools,D,35000,24,0,4410,0,0,,350,39410,46,875,W,12,30,H,9,R,2/24/2021,,1,1,2/10/2021,1,2/10/2021,39410,1,3/9/2022,0,3/9/2022,,1,24710,17.2,101,,,CASH,,,,0,,,5,,38,2/23/2022,,,0,,0,8/1/2021 12:06,3/9/2022 21:02,,0,0,,
102,APON-030-013-0293-12,1,34,222-002,SL,3,1734,Banana cultivation,D,49000,24,0,6174,0,0,,490,55174,46,1225,W,12,30,H,12,R,9/2/2020,,1,1,8/19/2020,1,8/19/2020,55174,1,11/17/2021,0,11/17/2021,,1,10584,24.09,102,,,CASH,,,,0,,,5,,44,9/1/2021,,,0,,0,8/1/2021 12:06,11/18/2021 10:05,,0,0,,
103,APON-030-013-0294-10,1,34,222-003,JAGO-W,3,1737,Betel leaf cultivation,D,90000,24,0,11340,0,0,,900,101340,46,2250,W,12,30,H,10,R,2/10/2021,,1,1,1/27/2021,1,1/27/2021,101340,1,1/19/2022,0,1/19/2022,,1,57870,44.24,103,,,CASH,,,,0,,,5,,52,2/9/2022,,,0,,0,8/1/2021 12:06,1/20/2022 10:10,,0,0,,
104,APON-030-013-0295-10,1,34,222-004,JAGO-M,3,1741,Cow fattening,D,49000,24,0,6174,0,0,,490,55174,46,1225,W,12,30,H,10,R,12/23/2020,,1,1,12/9/2020,1,12/9/2020,55174,1,2/15/2023,0,2/15/2023,,1,26803,24.09,104,,,CASH,,,,0,,,5,,50,12/22/2021,,,0,,0,8/1/2021 12:06,2/15/2023 17:32,,0,0,,
105,APON-030-014-0297-12,1,34,222-001,RMC-W,3,1745,Dairy firm,D,49000,24,0,6174,0,0,,490,55174,46,1225,W,12,30,H,12,R,4/8/2021,,1,1,3/25/2021,1,3/25/2021,55174,1,7/21/2022,0,7/21/2022,,1,39739,24.09,105,,,CASH,,,,0,,,5,,42,3/31/2022,,,0,,0,8/1/2021 12:06,7/21/2022 16:03,,0,0,,
106,APON-030-014-0300-05,1,34,222-002,RMC-W,3,1746,Fish farming,D,30000,24,0,3780,0,0,,300,33780,46,750,W,12,30,H,5,R,12/17/2020,,1,1,12/3/2020,1,12/3/2020,33780,1,12/9/2021,0,12/9/2021,,1,14880,14.75,106,,,CASH,,,,0,,,5,,58,12/2/2021,,,0,,0,8/1/2021 12:06,12/11/2021 11:40,,0,0,,
107,APON-030-014-0309-09,1,34,222-003,ME-W,3,1750,Guava garden,D,10000,24,0,1260,0,0,,100,11260,46,250,W,12,30,H,9,R,1/21/2021,,1,1,1/7/2021,1,1/7/2021,11260,1,1/20/2022,0,1/20/2022,,1,5800,4.92,107,,,CASH,,,,0,,,5,,46,1/6/2022,,,0,,0,8/1/2021 12:06,1/22/2022 10:55,,0,0,,
108,APON-030-014-0312-16,1,34,222-004,RMC-NBL,3,1783,Jute cultivation,D,49000,24,0,6174,0,0,,490,55174,46,1225,W,12,30,H,16,R,3/18/2021,,1,1,3/4/2021,1,3/4/2021,55174,1,4/28/2022,0,4/28/2022,,1,36652,24.09,108,,,CASH,,,,0,,,5,,59,3/3/2022,,,0,,0,8/1/2021 12:06,4/28/2022 18:39,,0,0,,
109,APON-030-014-0313-04,1,34,222-001,ME-NBL,3,1791,Litchi garden,D,15000,24,0,1890,0,0,,150,16890,46,375,W,12,30,H,4,R,9/24/2020,,1,1,9/7/2020,1,9/7/2020,16890,1,9/16/2021,0,9/16/2021,,1,2895,7.37,109,,,CASH,,,,0,,,5,,48,9/9/2021,,,0,,0,8/1/2021 12:06,9/18/2021 16:27,,0,0,,
110,APON-030-014-0314-08,1,34,222-002,SHED,3,1793,Mango orchard,D,20000,24,0,2520,0,0,,200,22520,46,500,W,12,30,H,8,R,5/20/2021,,1,1,4/29/2021,1,4/29/2021,22520,1,4/7/2022,0,4/7/2022,,1,17480,9.83,110,,,CASH,,,,0,,,5,,37,5/19/2022,,,0,,0,8/1/2021 12:06,6/12/2022 19:27,,0,0,,
111,APON-030-014-0317-15,1,34,222-003,RMC-M,3,1798,Nursary,D,20000,24,0,2520,0,0,,200,22520,46,500,W,12,30,H,15,R,11/5/2020,,1,1,10/17/2020,1,10/17/2020,22520,1,9/16/2021,0,9/16/2021,,1,6500,9.83,111,,,CASH,,,,0,,,5,,35,10/21/2021,,,0,,0,8/1/2021 12:06,9/18/2021 16:27,,0,0,,
112,APON-030-014-0322-07,1,34,222-004,ME-M-84,3,1802,Others agriculture,D,20000,24,0,2520,0,0,,200,22520,46,500,W,12,30,H,7,R,11/26/2020,,1,1,11/12/2020,1,11/12/2020,22520,1,11/11/2021,0,11/11/2021,,1,8660,9.83,112,,,CASH,,,,0,,,5,,42,11/11/2021,,,0,,0,8/1/2021 12:06,11/16/2021 9:17,,0,0,,
113,APON-030-015-0323-11,1,34,222-001,ME-M-96,3,1804,Paddy cultivation,D,10000,24,0,1260,0,0,,100,11260,46,250,W,12,30,H,11,R,6/17/2021,,1,1,5/29/2021,1,5/29/2021,11260,1,5/12/2022,0,5/12/2022,,1,9340,4.92,113,,,CASH,,,,0,,,5,,51,6/16/2022,,,0,,0,8/1/2021 12:06,5/12/2022 19:57,,0,0,,
114,APON-030-015-0324-10,1,34,222-002,SL,3,1808,Plum cultivation,D,10000,24,0,1260,0,0,,100,11260,46,250,W,12,30,H,10,R,10/22/2020,,1,1,10/8/2020,1,10/8/2020,11260,1,9/30/2021,0,9/30/2021,,1,2890,4.92,114,,,CASH,,,,0,,,5,,43,10/7/2021,,,0,,0,8/1/2021 12:06,10/9/2021 14:30,,0,0,,
115,APON-030-015-0325-11,1,34,222-003,JAGO-W,3,1812,Poltry firm,D,70000,24,0,8820,0,0,,700,78820,46,1750,W,12,30,H,11,R,7/15/2021,,1,1,6/24/2021,1,6/24/2021,78820,1,6/2/2022,0,6/2/2022,,1,70000,34.41,115,,,CASH,,,,0,,,5,,44,6/30/2022,,,0,,0,8/1/2021 12:06,6/2/2022 19:07,,0,0,,
116,APON-030-015-0326-10,1,34,222-004,JAGO-M,3,1817,Potato cultivation,D,10000,24,0,1260,0,0,,100,11260,46,250,W,12,30,H,10,R,10/1/2020,,1,1,9/17/2020,1,9/17/2020,11260,1,9/9/2021,0,9/9/2021,,1,2410,4.92,116,,,CASH,,,,0,,,5,,55,9/16/2021,,,0,,0,8/1/2021 12:06,9/11/2021 16:18,,0,0,,
117,APON-030-015-0327-16,1,34,222-001,RMC-W,3,1821,Raising goats,D,10000,24,0,1260,0,0,,100,11260,46,250,W,12,30,H,16,R,11/19/2020,,1,1,10/31/2020,1,10/31/2020,11260,1,11/11/2021,0,11/11/2021,,1,3850,4.92,117,,,CASH,,,,0,,,5,,44,11/4/2021,,,0,,0,8/1/2021 12:06,11/16/2021 15:01,,0,0,,
118,APON-030-015-0328-18,1,34,222-002,ME-W,3,1827,Spice Plantations,D,40000,24,0,5040,0,0,,400,45040,46,1000,W,12,30,H,18,R,3/25/2021,,1,1,3/6/2021,1,3/6/2021,45040,1,12/30/2021,0,12/30/2021,,1,29920,19.66,118,,,CASH,,,,0,,,5,,49,3/10/2022,,,0,,0,8/1/2021 12:06,1/1/2022 15:37,,0,0,,
119,APON-030-015-0331-11,1,34,222-003,RMC-NBL,3,1828,Vegetable cultivation,D,49000,24,0,6174,0,0,,490,55174,46,1225,W,12,30,H,11,R,7/30/2020,,1,1,7/16/2020,1,7/16/2020,55174,1,7/15/2021,0,7/15/2021,,1,1225,24.09,119,,,CASH,,,,0,,,5,,63,6/24/2021,,,0,,0,8/1/2021 12:06,8/11/2021 20:12,,0,0,,
120,APON-030-015-0332-21,1,34,222-004,ME-NBL,3,1830,Wheat farming,D,80000,24,0,10080,0,0,,800,90080,46,2000,W,12,30,H,21,R,1/28/2021,,1,1,1/14/2021,1,1/14/2021,90080,1,11/25/2021,0,11/25/2021,,1,48080,39.32,120,,,CASH,,,,0,,,5,,39,1/13/2022,,,0,,0,8/1/2021 12:06,11/27/2021 10:29,,0,0,,
121,APON-030-015-0333-14,1,34,222-001,SHED,3,1831,Agricultural tools,D,40000,24,0,5040,0,0,,400,45040,46,1000,W,12,30,H,14,R,11/12/2020,,1,1,10/29/2020,1,10/29/2020,45040,1,11/11/2021,0,11/11/2021,,1,15640,19.66,121,,,CASH,,,,0,,,5,,38,10/28/2021,,,0,,0,8/1/2021 12:06,11/16/2021 9:17,,0,0,,
122,APON-030-015-0334-18,1,34,222-002,RMC-M,3,1835,Banana cultivation,D,60000,24,0,7560,0,0,,600,67560,46,1500,W,12,30,H,18,R,12/31/2020,,1,1,12/10/2020,1,12/10/2020,67560,1,11/4/2021,0,11/4/2021,,1,31020,29.49,122,,,CASH,,,,0,,,5,,59,12/9/2021,,,0,,0,8/1/2021 12:06,11/13/2021 11:03,,0,0,,
123,APON-030-015-0335-12,1,34,222-003,ME-M-84,3,1838,Betel leaf cultivation,D,49000,24,0,6174,0,0,,490,55174,46,1225,W,12,30,H,12,R,12/10/2020,,1,1,11/23/2020,1,11/23/2020,55174,1,11/25/2021,0,11/25/2021,,1,22246,24.09,123,,,CASH,,,,0,,,5,,34,11/25/2021,,,0,,0,8/1/2021 12:06,11/27/2021 10:29,,0,0,,
124,APON-030-015-0336-10,1,34,222-004,ME-M-96,3,1840,Cow fattening,D,25000,24,0,3150,0,0,,250,28150,46,625,W,12,30,H,10,R,10/22/2020,,1,1,10/8/2020,1,10/8/2020,28150,1,9/2/2021,0,9/2/2021,,1,7825,12.29,124,,,CASH,,,,0,,,5,,44,10/7/2021,,,0,,0,8/1/2021 12:06,9/4/2021 18:05,,0,0,,
125,APON-030-015-0340-08,1,34,222-001,SL,3,1841,Dairy firm,D,60000,24,0,7560,0,0,,600,67560,46,1500,W,12,30,H,8,R,10/22/2020,,1,1,10/8/2020,1,10/8/2020,67560,1,9/23/2021,0,9/23/2021,,1,18780,29.49,125,,,CASH,,,,0,,,5,,46,10/7/2021,,,0,,0,8/1/2021 12:06,9/25/2021 13:23,,0,0,,
126,APON-030-015-0343-16,1,34,222-002,RMC-W,3,1842,Fish farming,D,40000,24,0,5040,0,0,,400,45040,46,1000,W,12,30,H,16,R,4/1/2021,,1,1,3/15/2021,1,3/15/2021,45040,1,2/17/2022,0,2/17/2022,,1,30760,19.66,126,,,CASH,,,,0,,,5,,46,3/24/2022,,,0,,0,8/1/2021 12:06,4/13/2022 14:06,,0,0,,
127,APON-030-015-0344-08,1,34,222-003,ME-W,3,1845,Guava garden,D,40000,24,0,5040,0,0,,400,45040,46,1000,W,12,30,H,8,R,8/27/2020,,1,1,8/13/2020,1,8/13/2020,45040,1,9/2/2021,0,9/2/2021,,1,4840,19.66,127,,,CASH,,,,0,,,5,,30,8/12/2021,,,0,,0,8/1/2021 12:06,9/4/2021 18:05,,0,0,,
128,APON-030-015-0348-11,1,34,222-004,RMC-NBL,3,1848,Jute cultivation,D,20000,24,0,2520,0,0,,200,22520,46,500,W,12,30,H,11,R,10/8/2020,,1,1,9/24/2020,1,9/24/2020,22520,1,9/23/2021,0,9/23/2021,,1,4820,9.83,128,,,CASH,,,,0,,,5,,50,9/23/2021,,,0,,0,8/1/2021 12:06,9/25/2021 13:23,,0,0,,
129,APON-030-015-0349-11,1,34,222-001,RMC-W,3,1850,Litchi garden,D,40000,24,0,5040,0,0,,400,45040,46,1000,W,12,30,H,11,R,5/20/2021,,1,1,4/29/2021,1,4/29/2021,45040,1,5/12/2022,0,5/12/2022,,1,34960,19.66,129,,,CASH,,,,0,,,5,,32,5/19/2022,,,0,,0,8/1/2021 12:06,5/12/2022 19:57,,0,0,,
130,APON-030-015-0353-08,1,34,222-002,ME-W,3,1853,Mango orchard,D,60000,24,0,7560,0,0,,600,67560,46,1500,W,12,30,H,8,R,9/24/2020,,1,1,9/10/2020,1,9/10/2020,67560,1,9/16/2021,0,9/16/2021,,1,13020,29.49,130,,,CASH,,,,0,,,5,,59,9/9/2021,,,0,,0,8/1/2021 12:06,9/18/2021 16:27,,0,0,,
131,APON-030-016-0355-23,1,34,222-003,RMC-NBL,3,1855,Nursary,D,49000,24,0,6174,0,0,,490,55174,46,1225,W,12,30,H,23,R,4/8/2021,,1,1,3/25/2021,1,3/25/2021,55174,1,3/3/2022,0,3/3/2022,,1,39739,24.09,131,,,CASH,,,,0,,,5,,64,3/31/2022,,,0,,0,8/1/2021 12:06,4/13/2022 14:06,,0,0,,
132,APON-030-016-0360-06,1,34,222-004,ME-NBL,3,1856,Others agriculture,D,49000,24,0,6174,0,0,,490,55174,46,1225,W,12,30,H,6,R,1/9/2020,,1,1,12/22/2019,1,12/22/2019,,0,,1,,,1,29449,24.09,132,,,CASH,,,,0,,,5,,23,2/4/2021,,,0,,0,8/1/2021 12:06,9/15/2021 14:13,,0,0,,
133,APON-030-016-0362-10,1,34,222-001,SHED,3,1857,Paddy cultivation,D,30000,24,0,3780,0,0,,300,33780,46,750,W,12,30,H,10,R,12/17/2020,,1,1,11/30/2020,1,11/30/2020,33780,1,12/2/2021,0,12/2/2021,,1,14250,14.75,133,,,CASH,,,,0,,,5,,32,12/2/2021,,,0,,0,8/1/2021 12:06,12/5/2021 9:22,,0,0,,
134,APON-030-016-0372-04,1,34,222-002,RMC-M,3,1859,Plum cultivation,D,49000,24,0,6174,0,0,,490,55174,46,1225,W,12,30,H,4,R,1/21/2021,,1,1,1/3/2021,1,1/3/2021,55174,1,1/13/2022,0,1/13/2022,,1,27391,24.09,134,,,CASH,,,,0,,,5,,38,1/6/2022,,,0,,0,8/1/2021 12:06,1/15/2022 12:13,,0,0,,
135,APON-030-016-0377-12,1,34,222-003,ME-M-108,3,1861,Poltry firm,D,33000,24,0,4158,0,0,,330,37158,46,825,W,12,30,H,12,R,8/7/2014,,1,1,7/24/2014,1,7/24/2014,,0,,1,,,1,1617,16.22,135,,,CASH,,,,0,,,5,,36,6/18/2015,,,0,,0,8/1/2021 12:06,8/4/2021 9:59,,0,0,,
136,APON-030-016-0380-09,1,34,222-004,ME-M-120,3,1863,Potato cultivation,D,80000,24,0,10080,0,0,,800,90080,46,2000,W,12,30,H,9,R,12/17/2020,,1,1,12/3/2020,1,12/3/2020,90080,1,12/9/2021,0,12/9/2021,,1,39680,39.32,136,,,CASH,,,,0,,,5,,37,12/2/2021,,,0,,0,8/1/2021 12:06,12/11/2021 11:40,,0,0,,
137,APON-030-016-0383-03,1,34,222-001,SL,3,1865,Raising goats,D,49000,24,0,6174,0,0,,490,55174,46,1225,W,12,30,H,3,R,8/13/2020,,1,1,7/30/2020,1,7/30/2020,55174,1,8/12/2021,0,8/12/2021,,1,3577,24.09,137,,,CASH,,,,0,,,5,,32,7/29/2021,,,0,,0,8/1/2021 12:06,8/29/2021 9:42,,0,0,,
138,APON-030-017-0386-20,1,34,222-002,JAGO-W,3,1867,Spice Plantations,D,70000,24,0,8820,0,0,,700,78820,46,1750,W,12,30,H,20,R,10/4/2020,,1,1,9/20/2020,1,9/20/2020,78820,1,8/1/2021,0,8/1/2021,,1,15190,34.41,138,,,CASH,,,,0,,,5,,44,9/19/2021,,,0,,0,8/1/2021 12:06,8/21/2021 23:32,,0,0,,
139,APON-030-017-0387-17,1,34,222-003,JAGO-M,3,1869,Vegetable cultivation,D,90000,24,0,11340,0,0,,900,101340,46,2250,W,12,30,H,17,R,2/28/2021,,1,1,2/14/2021,1,2/14/2021,101340,1,2/20/2022,0,2/20/2022,,1,65430,44.24,139,,,CASH,,,,0,,,5,,55,2/13/2022,,,0,,0,8/1/2021 12:06,2/22/2022 13:25,,0,0,,
140,APON-030-017-0389-10,1,34,222-004,RMC-W,3,1871,Wheat farming,D,10000,24,0,1260,0,0,,100,11260,46,250,W,12,30,H,10,R,8/19/2012,,1,1,8/5/2012,1,8/5/2012,10000,1,6/28/2022,0,6/28/2022,196210,1,4570,4.92,140,,,CASH,,,,0,,,5,,46,6/30/2013,,,0,,0,8/1/2021 12:06,6/28/2022 11:56,,0,0,,
141,APON-030-017-0400-13,1,34,222-001,RMC-W,3,1875,Agricultural tools,D,30000,24,0,3780,0,0,,300,33780,46,750,W,12,30,H,13,R,10/4/2020,,1,1,9/20/2020,1,9/20/2020,33780,1,11/14/2021,0,11/14/2021,,1,9390,14.75,141,,,CASH,,,,0,,,5,,51,9/19/2021,,,0,,0,8/1/2021 12:06,11/16/2021 19:46,,0,0,,
142,APON-030-017-0403-12,1,34,222-002,ME-W,3,1878,Banana cultivation,D,60000,24,0,7560,0,0,,600,67560,46,1500,W,12,30,H,12,R,3/8/2020,,1,1,2/23/2020,1,2/23/2020,,0,,1,,,1,54960,29.49,142,,,CASH,,,,0,,,5,,33,4/25/2021,,,0,,0,8/1/2021 12:06,8/11/2021 20:28,,0,0,,
143,APON-030-035-0407-10,1,34,222-003,RMC-NBL,3,1880,Betel leaf cultivation,D,49000,24,0,6174,0,0,,490,55174,46,1225,W,12,30,H,10,R,1/25/2021,,1,1,1/11/2021,1,1/11/2021,55174,1,1/3/2022,0,1/3/2022,,1,27391,24.09,143,,,CASH,,,,0,,,5,,37,1/17/2022,,,0,,0,8/1/2021 12:06,1/4/2022 16:51,,0,0,,
144,APON-030-019-0411-09,1,34,222-004,ME-NBL,3,1882,Cow fattening,D,40000,24,0,5040,0,0,,400,45040,46,1000,W,12,30,H,9,R,4/24/2021,,1,1,4/10/2021,1,4/10/2021,45040,1,5/7/2022,0,5/7/2022,,1,33280,19.66,144,,,CASH,,,,0,,,5,,54,5/7/2022,,,0,,0,8/1/2021 12:06,5/7/2022 18:50,,0,0,,
145,APON-030-019-0413-18,1,34,222-001,SHED,3,1884,Dairy firm,D,60000,24,0,7560,0,0,,600,67560,46,1500,W,12,30,H,18,R,8/8/2020,,1,1,7/25/2020,1,7/25/2020,67560,1,8/21/2021,0,8/21/2021,,1,7260,29.49,145,,,CASH,,,,0,,,5,,39,8/7/2021,,,0,,0,8/1/2021 12:06,8/31/2021 17:54,,0,0,,
146,APON-030-019-0415-18,1,34,222-002,RMC-M,3,1886,Fish farming,D,70000,24,0,8820,0,0,,700,78820,46,1750,W,12,30,H,18,R,6/12/2021,,1,1,5/29/2021,1,5/29/2021,78820,1,6/11/2022,0,6/11/2022,,1,65590,34.41,146,,,CASH,,,,0,,,5,,40,6/11/2022,,,0,,0,8/1/2021 12:06,6/11/2022 18:23,,0,0,,
147,APON-030-019-0421-01,1,34,222-003,ME-M-108,3,1889,Guava garden,D,30000,24,0,3780,0,0,,300,33780,46,750,W,12,30,H,1,R,5/22/2021,,1,1,5/8/2021,1,5/8/2021,33780,1,4/23/2022,0,4/23/2022,,1,26220,14.75,147,,,CASH,,,,0,,,5,,54,5/21/2022,,,0,,0,8/1/2021 12:06,6/12/2022 19:27,,0,0,,
148,APON-030-019-0425-11,1,34,222-004,ME-M-120,3,1891,Jute cultivation,D,40000,24,0,5040,0,0,,400,45040,46,1000,W,12,30,H,11,R,11/21/2020,,1,1,11/7/2020,1,11/7/2020,45040,1,10/23/2021,0,10/23/2021,,1,17320,19.66,148,,,CASH,,,,0,,,5,,44,11/13/2021,,,0,,0,8/1/2021 12:06,10/24/2021 16:50,,0,0,,
149,APON-030-019-0430-09,1,34,222-001,SL,3,1894,Litchi garden,D,40000,24,0,5040,0,0,,400,45040,46,1000,W,12,30,H,9,R,1/9/2021,,1,1,12/21/2020,1,12/21/2020,45040,1,1/1/2022,0,1/1/2022,,1,21520,19.66,149,,,CASH,,,,0,,,5,,32,1/1/2022,,,0,,0,8/1/2021 12:06,1/1/2022 19:41,,0,0,,
150,APON-030-019-0432-09,1,34,222-002,SL,3,2539,Mango orchard,D,79000,24,0,9954,0,0,,790,88954,46,1975,W,12,30,H,9,R,1/9/2021,,1,1,12/20/2020,1,12/20/2020,88954,1,1/1/2022,0,1/1/2022,,1,42502,38.83,150,,,CASH,,,,0,,,5,,32,1/1/2022,,,0,,0,8/1/2021 12:06,1/1/2022 19:41,,0,0,,
